{"n_epochs": 120, "validation_loss": 0.10598107255055884, "validation_work_ratio": 0.287552517815729, "_step": 0, "_runtime": 6513, "_timestamp": 1608710455}