{"n_epochs": 20, "validation_loss": 0.12090394849536718, "validation_work_ratio": 0.14412300705235984, "_step": 0, "_runtime": 363, "_timestamp": 1608676437}