{"n_epochs": 79, "validation_loss": 0.10505312536566679, "validation_work_ratio": 0.29224434245289754, "_step": 0, "_runtime": 5919, "_timestamp": 1608683789}