{"n_epochs": 117, "validation_loss": 0.1102278983653353, "validation_work_ratio": 0.2529378477175198, "_step": 0, "_runtime": 20135, "_timestamp": 1608703933}